{"duration": 18.934110403060913, "loss": {"MCTS": [], "Random": []}, "mean": {"step": 49.67, "time": {"play": 0.18934110403060914, "step": 0.00357492012782718}}, "nb_episodes": 100, "reward": {"MCTS": [-1.0, -1.0, -1.0, -1.0, 61.0, 45.5, -1.0, -1.0, -1.0, 72.5, -1.0, 50.5, 52.5, -1.0, 61.0, 61.5, -1.0, -1.0, 64.0, 56.5, -1.0, -1.0, -1.0, -1.0, -1.0, 54.5, 58.0, 59.5, -1.0, 61.5, -1.0, -1.0, 53.0, 63.5, 55.0, 54.0, 51.0, -1.0, -1.0, 57.0, 59.5, -1.0, 58.0, 56.5, 55.0, 80.5, -1.0, -1.0, -1.0, -1.0, 63.0, -1.0, -1.0, -1.0, 50.5, -1.0, 36.5, -1.0, -1.0, -1.0, -1.0, 58.5, -1.0, -1.0, 51.0, 56.5, 55.5, -1.0, -1.0, 63.5, 61.5, 72.0, 64.5, -1.0, 39.5, -1.0, 52.5, -1.0, -1.0, 66.0, 62.0, -1.0, 39.0, 51.0, -1.0, -1.0, -1.0, -1.0, 69.5, -1.0, -1.0, -1.0, -1.0, -1.0, 53.5, 49.5, 50.5, -1.0, -1.0, 64.0], "Random": [65.0, 51.5, 45.5, 69.0, -1.0, -1.0, 76.5, 61.0, 48.5, -1.0, 57.0, -1.0, -1.0, 53.5, -1.0, -1.0, 69.5, 60.5, -1.0, -1.0, 56.0, 44.0, 49.0, 64.0, 74.5, -1.0, -1.0, -1.0, 60.5, -1.0, 54.0, 63.5, -1.0, -1.0, -1.0, -1.0, -1.0, 56.0, 52.5, -1.0, -1.0, 61.5, -1.0, -1.0, -1.0, -1.0, 78.0, 48.5, 56.0, 68.0, -1.0, 58.0, 63.5, 52.0, -1.0, 58.0, -1.0, 66.5, 74.5, 59.0, 64.0, -1.0, 46.5, 52.0, -1.0, -1.0, -1.0, 45.0, 64.0, -1.0, -1.0, -1.0, -1.0, 58.0, -1.0, 69.0, -1.0, 47.0, 51.5, -1.0, -1.0, 61.0, -1.0, -1.0, 61.0, 53.5, 50.5, 46.5, -1.0, 60.0, 60.0, 52.0, 60.5, 55.0, -1.0, -1.0, -1.0, 48.0, 63.0, -1.0]}, "score": {"MCTS": {"loose": 54, "mean": 46.0, "win": 46}, "Random": {"loose": 46, "mean": 54.0, "win": 54}}}