{"duration": 345.55158734321594, "loss": {"MCTS": [], "Random": []}, "mean": {"step": 48.064, "time": {"play": 0.34555158734321595, "step": 0.0069704373899137926}}, "nb_episodes": 1000, "reward": {"MCTS": [-1.0, -1.0, -1.0, -1.0, -1.0, 52.0, -1.0, -1.0, -1.0, -1.0, 48.0, 57.0, 53.0, 59.5, -1.0, 70.5, -1.0, -1.0, 58.5, 85.5, -1.0, -1.0, 44.5, -1.0, -1.0, 57.0, 54.0, 49.5, 53.0, 48.5, -1.0, -1.0, 61.5, -1.0, -1.0, 60.0, -1.0, 48.0, 64.5, 41.5, -1.0, 53.0, 59.0, -1.0, -1.0, -1.0, 62.5, -1.0, 61.0, 68.0, -1.0, 54.5, -1.0, 40.5, -1.0, -1.0, -1.0, -1.0, 65.0, -1.0, 48.5, -1.0, -1.0, -1.0, 50.5, 52.5, 53.5, 45.0, 38.0, 64.5, -1.0, 54.5, -1.0, 75.5, 53.0, 41.0, 52.5, -1.0, -1.0, -1.0, 71.5, -1.0, 65.0, -1.0, 69.0, -1.0, 43.5, 63.5, -1.0, -1.0, 65.0, 75.5, 65.0, -1.0, 69.0, 64.5, -1.0, -1.0, -1.0, -1.0, 48.5, -1.0, 53.5, -1.0, -1.0, 42.5, -1.0, 58.0, 69.5, -1.0, 56.5, -1.0, 63.5, -1.0, 51.0, 50.5, -1.0, 73.0, -1.0, -1.0, 50.5, -1.0, -1.0, 75.5, -1.0, -1.0, 54.0, -1.0, -1.0, 47.0, -1.0, -1.0, 49.5, -1.0, -1.0, -1.0, -1.0, 42.0, -1.0, 54.0, 56.0, 47.0, 51.0, 61.5, -1.0, -1.0, 40.5, -1.0, -1.0, -1.0, -1.0, 55.0, -1.0, 58.0, 47.5, -1.0, 65.5, 71.5, 66.5, 67.0, -1.0, 79.5, -1.0, -1.0, -1.0, 52.0, -1.0, -1.0, -1.0, -1.0, -1.0, 60.0, 51.5, -1.0, 58.0, -1.0, -1.0, 62.0, 52.0, -1.0, -1.0, 40.0, -1.0, 62.0, 62.0, 50.5, 49.0, 63.5, -1.0, 64.0, -1.0, 46.5, -1.0, 52.0, 67.0, 51.0, -1.0, 56.5, -1.0, -1.0, -1.0, -1.0, 61.5, -1.0, -1.0, 59.5, 57.0, 58.5, -1.0, -1.0, -1.0, 64.5, -1.0, 59.5, -1.0, 68.0, -1.0, -1.0, 56.5, 56.0, 58.5, -1.0, 45.0, -1.0, -1.0, 65.0, -1.0, 46.5, -1.0, 56.0, -1.0, -1.0, 47.5, -1.0, 62.5, 61.0, -1.0, -1.0, 50.5, -1.0, -1.0, -1.0, 60.5, 48.0, 62.0, -1.0, 59.0, 61.0, -1.0, -1.0, 52.0, -1.0, 45.5, -1.0, 61.5, -1.0, -1.0, 54.5, -1.0, 64.5, -1.0, 54.5, 60.0, 61.5, 72.5, 62.0, -1.0, -1.0, 57.0, -1.0, -1.0, -1.0, 55.5, 41.5, 36.5, -1.0, 71.0, 71.5, -1.0, 49.5, -1.0, 63.0, 52.0, -1.0, 58.0, 59.0, -1.0, -1.0, 53.0, -1.0, -1.0, -1.0, -1.0, -1.0, -1.0, -1.0, 53.0, 61.5, -1.0, 27.5, -1.0, -1.0, -1.0, -1.0, -1.0, -1.0, -1.0, -1.0, -1.0, 62.5, 49.0, -1.0, 43.0, 71.0, -1.0, 57.0, -1.0, 39.0, -1.0, 54.0, -1.0, -1.0, -1.0, -1.0, 45.5, 62.0, 53.5, -1.0, -1.0, 66.0, -1.0, 46.5, 55.5, -1.0, 49.5, -1.0, -1.0, -1.0, -1.0, 45.5, 48.0, -1.0, 49.0, -1.0, -1.0, -1.0, -1.0, -1.0, 59.5, -1.0, -1.0, 64.5, 61.0, -1.0, -1.0, -1.0, 67.0, 63.0, -1.0, -1.0, -1.0, -1.0, -1.0, -1.0, 61.5, -1.0, -1.0, 63.5, 52.0, -1.0, -1.0, -1.0, 52.0, 45.0, -1.0, 57.5, 74.0, 53.0, -1.0, -1.0, -1.0, -1.0, -1.0, -1.0, -1.0, -1.0, -1.0, -1.0, 67.5, 51.5, 61.5, -1.0, -1.0, -1.0, 63.5, -1.0, 52.5, 53.5, 53.0, 63.0, 59.0, 51.5, -1.0, 66.5, -1.0, 65.0, -1.0, -1.0, -1.0, -1.0, 62.5, 48.0, -1.0, 46.0, -1.0, 61.0, 47.5, 57.0, 50.5, -1.0, 62.0, -1.0, 40.0, -1.0, 59.0, -1.0, 59.5, 41.0, -1.0, -1.0, -1.0, 48.0, -1.0, 54.0, -1.0, 50.5, -1.0, -1.0, -1.0, 63.0, 60.0, -1.0, 46.0, 61.0, 62.5, 42.0, -1.0, -1.0, 41.0, 58.5, -1.0, 57.0, -1.0, -1.0, 61.0, -1.0, -1.0, -1.0, 50.0, 61.0, 61.5, 65.5, 61.5, -1.0, -1.0, 61.0, -1.0, -1.0, -1.0, 46.0, 71.0, -1.0, 64.0, -1.0, -1.0, -1.0, 64.0, 57.0, -1.0, 66.5, 49.0, 57.0, 72.0, 56.0, 59.5, -1.0, 39.5, 50.5, -1.0, -1.0, 57.5, -1.0, -1.0, 55.0, -1.0, -1.0, 63.0, 53.5, 71.0, -1.0, 57.5, 51.5, -1.0, 50.0, -1.0, 54.0, -1.0, -1.0, 61.5, 68.5, -1.0, -1.0, 70.0, 50.5, -1.0, 34.5, 59.0, -1.0, 51.5, 63.5, -1.0, -1.0, 59.0, -1.0, 51.5, -1.0, -1.0, -1.0, 65.5, -1.0, 53.0, -1.0, -1.0, 46.0, 60.5, -1.0, 54.5, 66.5, -1.0, -1.0, -1.0, -1.0, -1.0, 59.0, 45.0, -1.0, -1.0, -1.0, 49.5, 53.0, 61.5, -1.0, 54.5, -1.0, 54.5, -1.0, 49.5, -1.0, 46.0, -1.0, 63.0, 50.0, 64.5, 43.5, 60.0, -1.0, -1.0, 32.5, -1.0, 67.0, -1.0, -1.0, -1.0, -1.0, -1.0, -1.0, 62.5, 52.5, 46.0, -1.0, 66.5, -1.0, -1.0, -1.0, -1.0, 55.5, -1.0, -1.0, -1.0, 35.5, -1.0, 55.5, 53.5, -1.0, 57.5, 71.5, 55.5, -1.0, 42.5, -1.0, -1.0, -1.0, -1.0, 61.0, -1.0, 70.5, -1.0, 50.5, 48.5, 64.5, 49.5, 68.0, 54.5, -1.0, 49.5, 55.5, -1.0, -1.0, 34.5, -1.0, 52.0, 59.0, -1.0, -1.0, 55.0, -1.0, -1.0, -1.0, 59.5, -1.0, -1.0, -1.0, 45.5, -1.0, 64.0, -1.0, 46.5, 63.0, -1.0, 48.5, -1.0, 40.0, 61.5, -1.0, -1.0, -1.0, 49.0, 52.5, -1.0, 42.5, 64.0, -1.0, 47.0, -1.0, -1.0, -1.0, -1.0, 63.0, -1.0, 52.5, -1.0, -1.0, -1.0, 52.0, 52.5, -1.0, -1.0, -1.0, 54.5, 61.5, -1.0, 57.0, 56.0, 49.5, -1.0, 58.5, 71.5, -1.0, -1.0, 63.0, -1.0, 52.0, 52.5, -1.0, 60.0, -1.0, 50.0, -1.0, 53.0, -1.0, -1.0, -1.0, 75.0, 49.5, 53.0, 66.5, -1.0, 46.5, 54.5, 63.0, -1.0, -1.0, 66.5, -1.0, -1.0, 54.0, 76.5, 66.0, -1.0, -1.0, 56.5, 55.5, -1.0, 53.5, 67.5, -1.0, 62.0, 59.0, -1.0, -1.0, 55.0, -1.0, 55.0, -1.0, -1.0, -1.0, 62.5, 61.0, -1.0, 42.0, -1.0, -1.0, 50.0, 49.5, -1.0, -1.0, -1.0, -1.0, -1.0, 56.0, 66.0, 67.5, -1.0, 70.5, -1.0, -1.0, 51.0, 58.0, 72.0, -1.0, -1.0, -1.0, 61.0, -1.0, 70.0, 68.0, 40.5, 63.5, 58.5, -1.0, 58.0, 44.0, -1.0, -1.0, 49.0, -1.0, 42.0, -1.0, -1.0, -1.0, -1.0, -1.0, 53.0, -1.0, -1.0, 50.5, -1.0, 60.0, -1.0, -1.0, -1.0, -1.0, -1.0, -1.0, -1.0, 44.0, 50.0, -1.0, -1.0, 50.5, -1.0, 54.5, -1.0, -1.0, -1.0, 56.0, 59.5, -1.0, -1.0, 57.0, 57.5, 61.0, -1.0, 76.5, -1.0, -1.0, -1.0, -1.0, 45.0, -1.0, 53.0, 56.5, -1.0, -1.0, -1.0, 56.0, 57.5, 57.5, -1.0, 53.0, -1.0, -1.0, -1.0, -1.0, 52.0, 46.5, -1.0, -1.0, 65.5, 53.5, -1.0, -1.0, 69.0, -1.0, -1.0, 59.0, 60.5, -1.0, 72.0, -1.0, -1.0, -1.0, 55.5, -1.0, -1.0, -1.0, 46.5, -1.0, -1.0, -1.0, -1.0, -1.0, 51.5, 58.5, 56.0, -1.0, -1.0, 57.5, -1.0, -1.0, -1.0, -1.0, 52.0, 64.5, 50.0, -1.0, -1.0, -1.0, -1.0, -1.0, 63.5, -1.0, -1.0, -1.0, -1.0, 59.0, -1.0, -1.0, 61.5, 43.0, -1.0, -1.0, 43.5, 46.5, -1.0, 45.5, 54.0, -1.0, -1.0, 72.0, 55.5, -1.0, -1.0, -1.0, 56.5, 74.0, -1.0, -1.0, -1.0, -1.0, 67.5, -1.0, 53.5, -1.0, -1.0, 56.0, -1.0, 50.5, -1.0, -1.0, 55.5, -1.0, -1.0, 70.0, -1.0, 55.5, -1.0, 60.0, 57.5, 59.5, 53.0, 62.5, 64.0, -1.0, -1.0, -1.0, 72.5, 35.0, 59.5, 64.0, 50.5, -1.0, -1.0, -1.0, 67.5, -1.0, -1.0, -1.0, 57.5, -1.0, 54.5, -1.0, -1.0, -1.0, -1.0, 49.5, -1.0, -1.0, 56.0, 65.5, -1.0, 62.0, 69.0, 62.5, -1.0, 46.5, -1.0, 70.0, -1.0, -1.0, -1.0, 44.5, -1.0, -1.0, -1.0, 55.0, -1.0, 49.5, -1.0, 74.0, -1.0, 64.5, 49.0, 52.5, 46.5, -1.0, 64.5, -1.0, 55.5, -1.0, 77.0, -1.0, 51.0, -1.0, 59.5, 37.5, -1.0, -1.0, -1.0, 72.0, -1.0, 63.5, -1.0, -1.0, -1.0, 50.0, -1.0, 50.5, -1.0, -1.0],