{"duration": 7.978221654891968, "loss": {"PPO": [], "Random": []}, "mean": {"step": 136.1, "time": {"play": 0.07978221654891968, "step": 0.00036953115708507394}}, "nb_episodes": 100, "reward": {"PPO": [-1.0, 172.0, -1.0, 64.0, -1.0, -1.0, -1.0, 223.5, 220.5, 83.5, -1.0, -1.0, -1.0, -1.0, -1.0, -1.0, -1.0, -1.0, 64.0, -1.0, -1.0, 62.5, -1.0, -1.0, -1.0, 136.5, -1.0, -1.0, -1.0, -1.0, -1.0, 183.5, -1.0, -1.0, -1.0, -1.0, -1.0, -1.0, -1.0, -1.0, -1.0, -1.0, -1.0, 59.5, -1.0, -1.0, -1.0, 159.5, -1.0, -1.0, -1.0, -1.0, 79.5, -1.0, 302.0, -1.0, -1.0, -1.0, 106.0, -1.0, -1.0, -1.0, -1.0, -1.0, -1.0, 343.5, -1.0, -1.0, -1.0, -1.0, 91.5, -1.0, -1.0, -1.0, 73.5, -1.0, -1.0, 38.0, -1.0, 78.0, 227.0, -1.0, 114.0, 72.0, -1.0, -1.0, -1.0, -1.0, -1.0, -1.0, -1.0, -1.0, -1.0, -1.0, -1.0, -1.0, 127.5, -1.0, -1.0, -1.0], "Random": [75.0, -1.0, 57.5, -1.0, 59.0, 91.0, 57.0, -1.0, -1.0, -1.0, 40.0, 56.5, 57.0, 68.0, 39.5, 57.0, 71.0, 67.0, -1.0, 75.0, 63.5, -1.0, 67.5, 63.0, 60.0, -1.0, 53.0, 45.5, 51.0, 62.0, 63.0, -1.0, 67.5, 50.0, 57.0, 49.5, 66.0, 51.0, 53.0, 68.0, 79.0, 59.5, 56.5, -1.0, 62.0, 78.5, 62.5, -1.0, 71.0, 50.0, 49.0, 54.5, -1.0, 62.0, -1.0, 58.0, 46.0, 58.0, -1.0, 58.5, 65.0, 48.0, 77.0, 49.0, 57.0, -1.0, 61.0, 49.0, 71.0, 60.0, -1.0, 76.5, 59.0, 66.0, -1.0, 75.0, 70.0, -1.0, 68.5, -1.0, -1.0, 70.0, -1.0, -1.0, 63.5, 64.0, 63.0, 48.5, 70.0, 65.0, 50.0, 73.0, 66.0, 80.0, 49.0, 47.5, -1.0, 58.5, 68.5, 73.0]}, "score": {"PPO": {"loose": 77, "mean": 23.0, "win": 23}, "Random": {"loose": 23, "mean": 77.0, "win": 77}}}