{"duration": 1.7672936916351318, "loss": {"PPO": [], "Random": []}, "mean": {"step": 42.37, "time": {"play": 0.017672936916351318, "step": 0.00017521210878222287}}, "nb_episodes": 100, "reward": {"PPO": [-1.0, -1.0, -1.0, -1.0, -1.0, 46.5, -1.0, -1.0, -1.0, -1.0, -1.0, -1.0, -1.0, -1.0, 41.0, -1.0, 39.0, -1.0, -1.0, -1.0, -1.0, -1.0, -1.0, -1.0, -1.0, -1.0, -1.0, -1.0, -1.0, -1.0, -1.0, -1.0, -1.0, -1.0, -1.0, -1.0, -1.0, -1.0, -1.0, -1.0, -1.0, -1.0, -1.0, -1.0, -1.0, -1.0, -1.0, -1.0, -1.0, -1.0, -1.0, -1.0, -1.0, -1.0, -1.0, -1.0, -1.0, -1.0, -1.0, -1.0, -1.0, -1.0, -1.0, -1.0, 36.0, -1.0, -1.0, -1.0, -1.0, -1.0, -1.0, -1.0, -1.0, -1.0, -1.0, -1.0, -1.0, -1.0, -1.0, -1.0, -1.0, -1.0, 43.5, -1.0, -1.0, 42.0, -1.0, -1.0, -1.0, -1.0, -1.0, -1.0, -1.0, -1.0, -1.0, -1.0, -1.0, -1.0, -1.0, -1.0], "Random": [58.5, 61.0, 59.0, 58.5, 67.0, -1.0, 67.5, 54.5, 57.0, 46.0, 65.0, 74.0, 69.0, 83.5, -1.0, 68.5, -1.0, 55.5, 56.0, 71.5, 57.5, 69.5, 51.0, 57.0, 64.0, 61.5, 55.0, 51.5, 49.0, 52.5, 53.5, 49.5, 76.0, 65.0, 60.0, 68.0, 69.0, 75.5, 74.0, 56.0, 57.5, 65.5, 58.5, 62.5, 59.0, 65.5, 52.0, 54.5, 61.5, 42.5, 44.0, 68.5, 68.5, 72.0, 59.0, 52.5, 52.5, 61.5, 60.5, 56.5, 39.0, 52.5, 51.5, 44.5, -1.0, 61.5, 58.0, 71.0, 64.0, 74.5, 42.0, 53.5, 39.0, 68.0, 66.0, 75.0, 73.5, 49.0, 71.5, 64.5, 61.0, 60.5, -1.0, 51.0, 63.0, -1.0, 63.5, 69.0, 51.5, 54.5, 72.0, 60.0, 63.5, 58.5, 67.0, 53.5, 53.0, 60.5, 45.0, 70.0]}, "score": {"PPO": {"loose": 94, "mean": 6.0, "win": 6}, "Random": {"loose": 6, "mean": 94.0, "win": 94}}}