{"duration": 4.131693363189697, "loss": {"Reinforce": [4.387814044952393, -0.379719614982605, 1.5005247592926025, -0.43786925077438354, 3.2771570682525635, 0.6524815559387207, -0.4814556837081909, 0.7350082397460938, 1.2474650144577026, -1.1556928157806396, 2.759296417236328, -1.1964020729064941, -2.290447950363159, 1.881769061088562, 1.976615309715271, 1.9712457656860352, -1.606456995010376, -2.9508864879608154, 0.6789764165878296, 4.355221271514893, -0.32593563199043274, 1.4570037126541138, -0.2381933629512787, 1.1941514015197754, -1.1937392950057983, -0.8797070980072021, 3.0432968139648438, 0.765831708908081, 3.8459901809692383, 1.85020911693573, 0.6532928347587585, 0.7823600769042969, 0.6855901479721069, 1.5041130781173706, 0.3178976774215698, 0.6999154090881348, 2.2437891960144043, -1.6162372827529907, 1.7859773635864258, 1.1235328912734985, 2.117988348007202, 1.5004918575286865, 0.2844886779785156, 1.1584663391113281, 1.1676740646362305, 1.1296987533569336, 1.2568250894546509, 1.3159688711166382, 1.8597822189331055, 0.8111275434494019, 1.6281540393829346, 1.572068214416504, 0.4198383688926697, 0.988196611404419, -0.49064934253692627, -1.3766465187072754, 1.8290443420410156, -0.25912410020828247, 0.4510342478752136, -0.2926349639892578, 1.1625529527664185, 0.9198427200317383, 1.0643230676651, 0.6331193447113037, 1.3748853206634521, -0.9642778038978577, 0.9661561846733093, -0.11311638355255127, 2.4427947998046875, 1.4317231178283691, -0.05713474005460739, -0.289886474609375, -0.753998875617981, -0.15943671762943268, 0.6239429712295532, -1.385433316230774, 1.761983871459961, 0.394106388092041, 0.21862313151359558, -2.8104703426361084, 1.1712123155593872, 1.6585863828659058, 0.5559819936752319, 1.908491849899292, 2.0927138328552246, 1.1473383903503418, -0.2518423795700073, 0.8552485108375549, 1.9765715599060059, -0.6228649616241455, 0.34751495718955994, 1.373241901397705, -0.5667001605033875, 0.5099514722824097, 1.7084276676177979, 2.270503044128418, -0.4869290590286255, 0.015591979958117008, 2.0289230346679688, 0.13908159732818604], "Random": []}, "mean": {"step": 42.34, "time": {"play": 0.04131693363189697, "step": 0.0001806354094745418}}, "nb_episodes": 100, "reward": {"Reinforce": [45.0, 39.0, -1.0, -1.0, -1.0, -1.0, -1.0, -1.0, -1.0, -1.0, -1.0, -1.0, -1.0, -1.0, -1.0, -1.0, 33.5, -1.0, -1.0, -1.0, -1.0, -1.0, -1.0, -1.0, 40.5, -1.0, -1.0, -1.0, -1.0, -1.0, -1.0, -1.0, -1.0, 36.5, -1.0, -1.0, -1.0, -1.0, -1.0, -1.0, -1.0, -1.0, -1.0, -1.0, -1.0, -1.0, 41.5, -1.0, 33.5, -1.0, -1.0, 46.0, -1.0, -1.0, -1.0, -1.0, -1.0, -1.0, -1.0, -1.0, -1.0, -1.0, -1.0, -1.0, 46.5, -1.0, -1.0, -1.0, -1.0, -1.0, -1.0, -1.0, -1.0, -1.0, -1.0, -1.0, -1.0, -1.0, -1.0, 37.5, -1.0, -1.0, -1.0, -1.0, -1.0, -1.0, -1.0, 44.5, -1.0, -1.0, -1.0, 43.0, -1.0, -1.0, -1.0, -1.0, -1.0, -1.0, -1.0, -1.0], "Random": [-1.0, -1.0, 69.0, 64.0, 63.5, 61.5, 60.5, 69.0, 46.0, 53.0, 62.5, 41.0, 59.0, 55.0, 55.0, 51.5, -1.0, 66.0, 52.0, 71.5, 59.5, 59.5, 65.0, 52.0, -1.0, 55.5, 54.0, 60.0, 62.0, 65.5, 58.5, 62.0, 63.0, -1.0, 66.5, 73.0, 72.5, 71.0, 57.0, 70.0, 45.5, 53.5, 69.0, 58.0, 65.0, 66.5, -1.0, 78.0, -1.0, 64.0, 71.5, -1.0, 47.0, 66.0, 47.5, 64.0, 58.0, 54.5, 60.5, 65.0, 62.5, 60.5, 54.0, 68.5, -1.0, 37.5, 55.5, 56.5, 59.5, 70.5, 50.0, 45.0, 39.0, 56.5, 52.0, 49.0, 47.5, 70.0, 63.0, -1.0, 50.0, 59.5, 54.0, 49.0, 58.0, 69.0, 43.5, -1.0, 67.5, 75.5, 60.0, -1.0, 61.5, 46.0, 57.0, 87.5, 58.0, 64.5, 45.5, 72.0]}, "score": {"Reinforce": {"loose": 88, "mean": 12.0, "win": 12}, "Random": {"loose": 12, "mean": 88.0, "win": 88}}}