{"duration": 4.029736518859863, "loss": {"Reinforce": [10.548362731933594, -2.6233625411987305, -1.9694738388061523, -2.6533117294311523, 0.356818825006485, 2.038257598876953, 7.617483615875244, 7.927976131439209, 3.1544275283813477, 1.367097020149231, -0.44335630536079407, -0.9967828989028931, -0.9503680467605591, -2.035994052886963, -2.89915132522583, -1.2389533519744873, -2.083155393600464, -0.11572158336639404, -0.28750255703926086, 4.337482929229736, 0.6591192483901978, 2.5108766555786133, 1.546614646911621, 2.627239942550659, 1.6219391822814941, 2.0038645267486572, 3.5002243518829346, -0.8714087009429932, -4.072903156280518, -2.421097755432129, 0.6710524559020996, -1.8046057224273682, 3.1037986278533936, 2.8121449947357178, -2.2011163234710693, -0.046656519174575806, 0.6399418115615845, 0.8421471118927002, 0.397358238697052, 2.4758503437042236, 6.2798542976379395, -2.7336807250976562, 0.22213688492774963, -1.9179670810699463, -1.6673684120178223, -2.8692266941070557, -2.579072952270508, 0.24200084805488586, 0.7652428150177002, 1.9663366079330444, 2.4190616607666016, 1.8635079860687256, 1.9294331073760986, 0.44896626472473145, 4.802764892578125, 2.93320631980896, 0.3919607996940613, -0.04924507439136505, 1.6385493278503418, -0.9205803871154785, 3.040452003479004, -2.72881817817688, -1.0281299352645874, 0.5264383554458618, 1.1367355585098267, 0.09025835990905762, -2.5647077560424805, 1.9283746480941772, 5.187174320220947, 1.2403314113616943, 5.183966159820557, 1.6940687894821167, -1.6022446155548096, -1.2569553852081299, 1.6998978853225708, -1.0097662210464478, -1.378610372543335, -0.6931905746459961, 1.9952077865600586, 1.9507501125335693, 0.4185532331466675, -1.3395822048187256, -1.805996060371399, -1.6410720348358154, -3.2058370113372803, 0.05047802999615669, 1.1278660297393799, 0.6269793510437012, 1.9899492263793945, 1.8809373378753662, -0.31422579288482666, 1.5542573928833008, 1.0201830863952637, -1.0294348001480103, 3.4593565464019775, 5.627874374389648, -2.199963092803955, -2.2473161220550537, 0.8301485180854797, -2.191474199295044], "Random": []}, "mean": {"step": 43.93, "time": {"play": 0.04029736518859863, "step": 0.00015903349593536148}}, "nb_episodes": 100, "reward": {"Reinforce": [-1.0, -1.0, -1.0, -1.0, -1.0, -1.0, -1.0, -1.0, -1.0, -1.0, -1.0, -1.0, -1.0, -1.0, -1.0, -1.0, -1.0, -1.0, -1.0, -1.0, -1.0, -1.0, -1.0, -1.0, -1.0, -1.0, -1.0, -1.0, -1.0, -1.0, -1.0, -1.0, -1.0, -1.0, -1.0, -1.0, -1.0, -1.0, -1.0, -1.0, -1.0, -1.0, -1.0, -1.0, -1.0, -1.0, -1.0, -1.0, -1.0, -1.0, -1.0, -1.0, -1.0, -1.0, -1.0, -1.0, -1.0, -1.0, -1.0, -1.0, 47.5, -1.0, -1.0, -1.0, 47.5, -1.0, -1.0, -1.0, -1.0, -1.0, -1.0, -1.0, -1.0, -1.0, -1.0, -1.0, -1.0, -1.0, -1.0, -1.0, -1.0, -1.0, -1.0, -1.0, -1.0, -1.0, -1.0, -1.0, -1.0, -1.0, -1.0, -1.0, -1.0, -1.0, -1.0, -1.0, -1.0, -1.0, -1.0, -1.0], "Random": [53.0, 52.0, 67.5, 50.5, 67.0, 57.0, 68.5, 74.5, 71.0, 61.0, 70.5, 50.0, 66.5, 60.0, 50.0, 56.0, 48.5, 59.0, 64.0, 59.0, 45.0, 62.5, 59.0, 58.0, 73.5, 59.5, 71.0, 57.5, 64.0, 62.0, 69.5, 59.0, 60.5, 76.0, 50.0, 60.5, 61.5, 63.5, 57.0, 54.0, 69.5, 50.0, 79.0, 63.0, 80.5, 54.5, 55.5, 53.5, 54.0, 54.0, 52.0, 52.0, 47.5, 46.0, 70.5, 55.5, 59.5, 67.5, 61.0, 62.5, -1.0, 56.5, 62.0, 78.5, -1.0, 61.5, 51.0, 54.5, 68.0, 64.0, 61.5, 67.0, 56.5, 54.0, 66.0, 75.5, 68.5, 57.0, 58.0, 72.0, 68.0, 70.0, 63.0, 55.0, 52.0, 58.5, 57.5, 59.5, 68.5, 63.0, 74.0, 67.5, 51.0, 52.5, 69.5, 65.5, 58.0, 72.0, 71.5, 63.0]}, "score": {"Reinforce": {"loose": 98, "mean": 2.0, "win": 2}, "Random": {"loose": 2, "mean": 98.0, "win": 98}}}