{"duration": 13.524706363677979, "loss": {"Reinforce": [15.339177131652832, 9.869791030883789, 1.5698561668395996, 7.124426364898682, 9.46866512298584, 10.666988372802734, 2.99141001701355, 0.19527506828308105, -7.1104559898376465, 2.6526293754577637, 5.437880992889404, 7.7281646728515625, -2.491441488265991, 10.906084060668945, -4.630648136138916, 1.4144201278686523, 2.8531694412231445, 8.439404487609863, 8.223785400390625, 8.120880126953125, -3.3818111419677734, 9.609514236450195, -4.027419567108154, -7.506733417510986, 0.2516211271286011, 6.737907409667969, 3.82523250579834, 1.4520267248153687, 2.2055788040161133, 9.005695343017578, -3.0406112670898438, 2.646021604537964, 2.7736048698425293, -0.07332134246826172, 6.732693672180176, 8.996254920959473, 2.7068142890930176, -4.794683933258057, 4.518369674682617, 7.677382469177246, -2.5685625076293945, 9.102302551269531, 0.34401392936706543, 3.0432510375976562, 4.53812837600708, 10.702404022216797, 4.82012939453125, 5.8103814125061035, 4.966832160949707, 6.3567214012146, -3.9288384914398193, 4.384650707244873, -7.6364874839782715, -7.325374126434326, -0.10163938999176025, 4.782228469848633, 8.218019485473633, 1.997704267501831, 5.792102813720703, -3.479982376098633, -0.5533894896507263, 12.19062614440918, 10.730406761169434, -0.8505233526229858, 14.273275375366211, 3.108881950378418, 9.537190437316895, -3.5470778942108154, 5.0027618408203125, 0.42528676986694336, 3.202918291091919, 3.678377628326416, 4.336860656738281, -5.308376789093018, 13.806160926818848, 6.678230285644531, 8.192986488342285, -2.1988372802734375, 10.159599304199219, 10.126105308532715, -1.2014377117156982, 2.5139336585998535, 4.062538146972656, 17.24681854248047, -9.117040634155273, 7.252863883972168, -0.6085680723190308, 7.7337188720703125, -0.0814061164855957, 11.82095718383789, 6.221437454223633, 10.224756240844727, 0.6744318008422852, -0.3149243891239166, -1.54300057888031, 3.794004201889038, 2.9923532009124756, 10.914714813232422, 2.6685903072357178, 10.4326171875], "Random": []}, "mean": {"step": 179.5, "time": {"play": 0.1352470636367798, "step": 0.0003180370091727849}}, "nb_episodes": 100, "reward": {"Reinforce": [-1.0, -1.0, -1.0, -1.0, -1.0, -1.0, -1.0, -1.0, -1.0, -1.0, -1.0, -1.0, -1.0, -1.0, -1.0, -1.0, -1.0, -1.0, -1.0, -1.0, -1.0, -1.0, -1.0, -1.0, -1.0, -1.0, -1.0, -1.0, -1.0, -1.0, -1.0, -1.0, -1.0, -1.0, -1.0, -1.0, -1.0, -1.0, -1.0, -1.0, -1.0, -1.0, -1.0, -1.0, -1.0, -1.0, -1.0, -1.0, -1.0, -1.0, -1.0, -1.0, -1.0, -1.0, -1.0, -1.0, -1.0, -1.0, -1.0, -1.0, -1.0, -1.0, -1.0, -1.0, -1.0, -1.0, -1.0, -1.0, -1.0, -1.0, -1.0, -1.0, -1.0, -1.0, -1.0, -1.0, -1.0, -1.0, -1.0, -1.0, -1.0, -1.0, -1.0, -1.0, -1.0, -1.0, -1.0, -1.0, -1.0, -1.0, -1.0, -1.0, -1.0, -1.0, -1.0, -1.0, -1.0, -1.0, -1.0, -1.0], "Random": [72.0, 68.0, 75.0, 57.0, 70.0, 57.0, 61.0, 70.0, 78.0, 63.0, 52.0, 73.0, 70.0, 68.0, 64.0, 56.0, 79.0, 62.0, 77.0, 69.0, 62.0, 72.0, 50.0, 75.0, 63.0, 52.0, 63.0, 54.0, 55.0, 40.0, 73.0, 54.0, 60.0, 60.0, 65.0, 56.0, 55.0, 71.0, 51.0, 82.0, 59.0, 79.0, 58.0, 63.0, 48.0, 61.0, 65.0, 85.0, 80.0, 57.0, 56.0, 67.0, 77.0, 66.0, 66.0, 67.0, 60.0, 77.0, 66.0, 49.0, 80.0, 77.0, 79.0, 76.0, 74.0, 69.0, 63.0, 67.0, 57.0, 55.0, 56.0, 66.0, 63.0, 62.0, 74.0, 52.0, 78.0, 61.0, 69.0, 82.0, 73.0, 64.0, 58.0, 48.0, 79.0, 55.0, 72.0, 49.0, 60.0, 72.0, 55.0, 58.0, 50.0, 63.0, 65.0, 76.0, 61.0, 72.0, 70.0, 80.0]}, "score": {"Reinforce": {"loose": 100, "mean": 0.0, "win": 0}, "Random": {"loose": 0, "mean": 100.0, "win": 100}}}