{"duration": 3.9990766048431396, "loss": {"Reinforce": [4.244272708892822, 0.3483187258243561, -0.17772942781448364, 0.33316659927368164, 1.4303581714630127, -0.6950916051864624, -0.41597267985343933, -0.40457916259765625, 2.221097946166992, 2.661404609680176, 1.519446611404419, 2.883882761001587, 1.8123353719711304, -0.631942868232727, 0.6145429611206055, -0.354247510433197, 1.6459145545959473, 0.23908904194831848, 0.8180811405181885, -3.5073800086975098, 0.4372035264968872, 2.3977582454681396, 2.9552392959594727, -1.541942834854126, 0.8010553121566772, 0.016161397099494934, 1.891260027885437, 0.9407138228416443, -1.3026306629180908, 0.6106187701225281, -0.014317035675048828, 0.9152274131774902, 1.0960062742233276, 0.910112202167511, 0.222825288772583, -0.4513428211212158, 1.2906213998794556, 1.5246295928955078, 0.18716606497764587, -1.2157015800476074, -0.3924550414085388, -1.4149470329284668, 1.2197240591049194, 1.6908695697784424, 0.8085625767707825, -0.4724379777908325, -0.32756343483924866, -2.135451078414917, 0.06576791405677795, 1.2603839635849, -1.6330852508544922, 0.45112574100494385, 0.10549682378768921, 1.3762266635894775, 0.57804274559021, 0.07458283007144928, 2.2621846199035645, -1.1782560348510742, -0.2999320328235626, 0.9862093925476074, -1.2023807764053345, 0.8400664329528809, 2.3007137775421143, -0.5326071977615356, 2.1460912227630615, 0.5923014283180237, -1.5622904300689697, -1.6684372425079346, -0.925248920917511, 1.8607009649276733, -0.43429648876190186, 1.1661744117736816, 2.957529306411743, 0.10650275647640228, 0.47411346435546875, -1.040349006652832, 0.6338365077972412, -0.6495054960250854, 2.238534927368164, -0.2623847723007202, -0.9253562688827515, 0.06908279657363892, 0.7580461502075195, -1.5632609128952026, 0.05323132872581482, 0.08832870423793793, -0.88075852394104, -0.810282289981842, 0.8704361915588379, 1.2246168851852417, 0.000217437744140625, -0.7893463373184204, 0.4548603892326355, 1.2437305450439453, 0.8347488045692444, -1.2145097255706787, -1.4493101835250854, 0.48568788170814514, -1.370763897895813, 0.07847970724105835], "Random": []}, "mean": {"step": 44.05, "time": {"play": 0.039990766048431395, "step": 0.0001651327672259085}}, "nb_episodes": 100, "reward": {"Reinforce": [-1.0, -1.0, -1.0, -1.0, -1.0, -1.0, -1.0, -1.0, -1.0, -1.0, -1.0, -1.0, -1.0, -1.0, -1.0, -1.0, -1.0, -1.0, -1.0, -1.0, -1.0, -1.0, -1.0, -1.0, -1.0, -1.0, 38.0, -1.0, -1.0, -1.0, -1.0, -1.0, -1.0, -1.0, -1.0, -1.0, -1.0, -1.0, -1.0, -1.0, -1.0, -1.0, -1.0, -1.0, -1.0, -1.0, -1.0, -1.0, -1.0, -1.0, -1.0, -1.0, -1.0, -1.0, 46.5, -1.0, 38.0, -1.0, -1.0, -1.0, -1.0, -1.0, -1.0, -1.0, -1.0, -1.0, -1.0, -1.0, -1.0, -1.0, -1.0, -1.0, -1.0, -1.0, -1.0, -1.0, -1.0, 40.0, -1.0, -1.0, -1.0, -1.0, -1.0, -1.0, -1.0, -1.0, -1.0, -1.0, -1.0, -1.0, -1.0, -1.0, -1.0, -1.0, -1.0, 49.5, 47.5, -1.0, -1.0, -1.0], "Random": [60.0, 65.0, 40.5, 58.5, 65.0, 64.0, 43.0, 54.5, 82.0, 55.5, 65.0, 70.5, 67.0, 70.0, 57.5, 52.5, 73.0, 61.0, 63.5, 56.0, 51.0, 45.5, 52.0, 60.0, 58.0, 49.5, -1.0, 61.0, 54.5, 46.0, 67.5, 65.0, 49.0, 60.5, 66.5, 67.5, 71.0, 54.0, 63.0, 71.5, 71.5, 65.0, 58.5, 69.5, 70.0, 60.5, 48.0, 64.0, 59.0, 64.0, 66.0, 44.0, 41.5, 66.0, -1.0, 67.0, -1.0, 55.0, 55.5, 54.0, 55.0, 57.0, 79.5, 83.5, 67.0, 55.0, 73.0, 74.5, 74.0, 66.5, 58.5, 59.0, 54.0, 56.5, 56.5, 60.0, 54.5, -1.0, 63.5, 59.5, 70.0, 77.0, 81.0, 67.5, 66.0, 52.0, 48.5, 51.5, 58.0, 58.0, 56.5, 75.0, 62.5, 64.5, 75.0, -1.0, -1.0, 54.5, 58.5, 68.0]}, "score": {"Reinforce": {"loose": 94, "mean": 6.0, "win": 6}, "Random": {"loose": 6, "mean": 94.0, "win": 94}}}